"Source,Target	"
"video,Runway ML 	"
"video,Synthesia	"
"video,Invideo	"
"video.Pictory	"
"video,synthesia	"
"video,HeyGen	"
"video,Veed.io	"
"video,Captions App	"
"video,Capcut	"
"video.,Unscreen	"
"video,Magisto	"
"video,Animoto	"
",Adobe enhance	"
"video,Descript	"
"video,Krisp	"
"video,Filmora	"
"video,FlexClip	"
"video,Rawshorts	"
"marketing,SummarAlze	"
"marketing,EllieAI	"
"marketing,Robin	"
"marketing,Quicklines	"
"marketing,iContact	"
"marketing,Unspam.email	"
"marketing,Smartwriter	"
"marketing,Converkit	"
"marketing,Sendinblue	"
"marketing,Marketingplan.io	"
"marketing,Cresta AI	"
"marketing,Quickchat	"
"marketing,Ferret	"
"marketing,Xembly	"
"marketing,Qatalog	"
"marketing,Scale	"
"marketing,Reclaim	"
"marketing,Echowin	"
"marketing,Regie.ai	"
"marketing,Adobe sensei	"
"marketing,poly.ai	"
"marketing,Predict.ai	"
"marketing,Trypencil	"
"marketing,Rationale	"
"chat bot,ChatGPT	ChatGPT"
"chat bot,Google Bard	Google Bard"
"chat bot,Jasper	Jasper"
"chat bot,Chatsonic	Chatsonic"
"chat bot,Poe by Quora	Poe by Quora"
"chat bot,C.ai	C.ai"
"chat bot,YouChat	YouChat"
"chat bot,HuggingChat	HuggingChat"
"chat bot,Bing Al	Bing Al"
"chat bot,ChatSpot	ChatSpot"
"chat bot,Claude	Claude"
"chat bot,Kommunicate 	Kommunicate"
"design,Blue willow	Blue willow"
"design,DALL-E	DALL-E"
"design,Bing Image	Bing Image"
"design,StockIMG	StockIMG"
"design,Midjourney	Midjourney"
"design,Leonardo ai	Leonardo ai"
"design,Adobe Express	Adobe Express"
"design,Figma AI	Figma AI"
"design,Blend AI	Blend AI"
"design,Designs ai	Designs ai"
"design,MakeLogo.ai	MakeLogo.ai"
"design,removeBg	removeBg"
"design,Font Joy	Font Joy"
"design,Microsoft designer	Microsoft designer"
"design,Hotpot AI	Hotpot AI"
"design,Ando.studio	Ando.studio"
"design,Colormind	Colormind"
"design,Visualeyes	Visualeyes"
"writing,Diib	Diib"
"writing,CanlRank	CanlRank"
"writing,KeywordTool	KeywordTool"
"writing,Jesper	Jesper"
"writing,ProRankTracker	ProRankTracker"
"writing,Ink	Ink"
"writing,SEO.ai	SEO.ai"
"writing,Surfer SEO	Surfer SEO"
"writing,Scalenut	Scalenut"
"writing,Grammarly	Grammarly"
"writing,Tome.app	Tome.app"
"writing,RyTr Rytr	RyTr Rytr"
"writing,Copy.ai	Copy.ai"
"writing,Anyword	Anyword"
"writing,Wordtune	Wordtune"
"writing,Simplified	Simplified"
"writing,Text Metrics	Text Metrics"
"writing,Prowritingaid	Prowritingaid"
"writing,ChatGPT	ChatGPT"
"writing,Writecream	Writecream"
"writing,QuillBot	QuillBot"
"writing,Deepl	Deepl"
"writing,Writesonic	Writesonic"
"writing,Smart Copy	Smart Copy"
"writing,WordAl	WordAl"
"writing,ContentForge	ContentForge"
"writing,Hypotenuse AI	Hypotenuse AI"
"produktivit,Beautiful ai	Beautiful ai"
"produktivit,SheetAi.app	SheetAi.app"
"produktivit,Futurepedia	Futurepedia"
"produktivit,Noty.ai	Noty.ai"
"produktivit,AlanAI	AlanAI"
"produktivit,QuestAI	QuestAI"
"produktivit,MagicalAI	MagicalAI"
"produktivit,Hints AI	Hints AI"
"produktivit,CoGram	CoGram"
"produktivit,GitMind AI	GitMind AI"
"produktivit,Audioread	Audioread"
"produktivit,Vowel	Vowel"
"produktivit,Rewind	Rewind"
"produktivit,Mayday	Mayday"
"produktivit,Fibery AL	Fibery AL"
"produktivit,WhatThe Ai	WhatThe Ai"
"produktivit,Fireflies Ai	Fireflies Ai"
"produktivit,AI Intern	AI Intern"
"produktivit,Genei	Genei"
"produktivit,Nanonet	Nanonet"
"produktivit,Taskade	Taskade"
"produktivit,Xembly	Xembly"
"produktivit,Support board	Support board"
"produktivit,ChatGPT	Chat GPT"
